epoch,loss
1,0.09962938179239095
2,0.05628255774516677
3,0.057537920370576395
4,0.04521645142607221
5,0.024914156512815235
6,0.006586687556259778
7,0.0029398131065292896
8,0.001896131921659222
9,0.0018571700935412344
10,0.001495801484659015
