epoch,loss
1,0.09387437739457431
2,0.030922439342527933
3,0.00901975623004172
4,0.002952692937628036
5,0.00161106029819911
6,0.004832006321481866
7,0.0033210942283253345
8,0.001619203321813008
9,0.0021157413991271814
10,0.0015349151079799299
