epoch,loss
1,0.08022037930741228
2,0.045053342259653135
3,0.013837200181097131
4,0.0025470771194972433
5,0.0020645718020411833
6,0.0017683922473671436
7,0.0015194454211853324
8,0.0021088872259763837
9,0.002430478781795669
10,0.002055289592842074
